id,zipcode,road,house_number,grade,condition,price,rehab_cost,closing_cost,total_expected_cost
2414600126,98146,Southwest 102nd Street,136,7,3,229500.0,46280.448200000006,7163.2570700972265,282943.7052700972
7231300125,98056,Blaine Avenue Northeast,659,8,4,345000.0,44097.921599999994,12820.4415786223,401918.3631786223
1189001180,98122,East Spring Street,2717,7,3,425000.0,43160.0092,12227.153179451565,480387.16237945156
3253500160,98144,22nd Avenue South,3214,7,5,317625.0,19387.9956,17192.227648185995,354205.223248186
4036801170,98008,Southeast 7th Street,16213,7,3,380000.0,45759.9086,11855.581349804805,437615.48994980485
1332700270,98056,Kennewick Place Northeast,2904,7,4,215000.0,22538.703299999997,6505.679313603252,244044.38261360326
1777500060,98006,Southeast 42nd Place,15910,8,4,527700.0,39479.2731,17611.868454602958,584791.141554603
1432900240,98058,Southeast 164th Street,12759,7,4,205000.0,22538.703299999997,6888.592629389907,234427.2959293899
7228500560,98122,23rd Avenue,1419,7,3,410000.0,51219.97720000001,13541.80416825234,474761.78136825236
5634500392,98028,Northeast 166th Street,8229,8,4,330000.0,33879.6327,10037.325481982783,373916.9581819828
3530210260,98077,Northeast 199th Place,18328,9,3,274975.0,78780.59000000001,13587.202235765613,367342.79223576566
3179100060,98105,Pullman Avenue Northeast,4815,9,3,880000.0,72799.98180000001,25868.45857703718,978668.4403770372
6414100671,98125,Northeast 128th Street,819,8,3,425000.0,65000.2836,14193.982895240128,504194.26649524015
7504101040,98074,224th Place Northeast,2533,10,3,722500.0,126619.85840000001,20766.47456684071,869886.3329668407
4315700060,98136,Sylvan Lane Southwest,7100,7,3,378000.0,33798.6922,11314.091729596965,423112.78392959695
726049190,98133,Fremont Avenue North,16521,7,4,287500.0,25338.5235,9236.395978358752,322074.91947835876
2021201000,98199,Magnolia Boulevard West,1414,10,3,980000.0,95678.5368,30359.888587818175,1106038.4253878181
9834200885,98144,34th Avenue South,3415,7,5,360000.0,14558.701600000002,10304.317587670475,384863.0191876705
3450300240,98059,Whitman Court Northeast,1059,7,4,302000.0,28278.485399999998,9136.00102852177,339414.48642852175
8062900070,98056,Northeast 11th Street,3506,7,4,272000.0,35698.461,8632.926582792206,316331.3875827922
4039100400,98008,172nd Avenue Northeast,1011,8,4,515000.0,41998.80989999999,17641.655072349815,574640.4649723498
7016310030,98011,119th Avenue Northeast,15714,7,3,330000.0,56680.0458,10232.671989575618,396912.71778957563
1238500451,98033,124th Avenue Northeast,9010,7,4,130000.0,15539.1528,11344.368927290958,156883.52172729096
7234600796,98122,17th Avenue,904,7,4,495000.0,25899.0903,14996.197758739856,535895.2880587399
3342700465,98056,North 36th Street,1402,8,3,250000.0,73838.26239999999,9650.22819505567,333488.4905950557
9473200105,98103,Ashworth Avenue North,8006,7,3,425000.0,54860.9558,14352.485462097096,494213.4412620971
1176001195,98107,Northwest Market Street,3263,7,4,375000.0,17219.346299999997,10787.261903285977,403006.60820328596
8645500160,98058,Lake Youngs Court Southeast,2616,7,3,180500.0,40039.5702,5184.961259008232,225724.53145900826
7129300935,98118,63rd Avenue South,9847,8,4,415000.0,33319.0659,11981.064173818955,460300.13007381896
2249500059,98109,6th Avenue North,909,7,3,550000.0,47058.459,18604.74249191192,615663.2014919119
5561401260,98027,245th Avenue Southeast,14601,8,4,508000.0,46478.823599999996,15861.747796902162,570340.5713969022
1832100030,98040,Southeast 36th Street,8416,10,3,597326.0,92818.36760000001,27826.24386253459,717970.6114625346
7135300046,98118,49th Avenue South,8131,7,3,210000.0,37699.9406,7468.219199754003,255168.159799754
9560700055,98005,Southeast 26th Place,12619,7,4,550000.0,41438.2431,16034.095505925656,607472.3386059257
1887500045,98002,Pike Street Northeast,4,7,4,247500.0,34438.692599999995,7266.999137332076,289205.6917373321
3972900160,98155,18th Avenue Northeast,18902,7,3,190000.0,41080.6494,6790.224184941763,237870.87358494176
5727500102,98155,2nd Avenue Northeast,16729,7,3,195000.0,33280.9512,6312.129978045312,234593.0811780453
9818700320,98122,27th Avenue,191,7,3,491000.0,52129.52220000001,14449.20627059299,557578.728470593
2473381090,98058,128th Place Southeast,16324,7,4,270000.0,33459.2076,8795.374570731121,312254.58217073116
6344000060,98004,Northeast 17th Street,10454,7,4,760000.0,38778.5646,25141.265828612133,823919.8304286122
7461420060,98058,Southeast 198th Street,14610,7,3,265000.0,53299.337,7692.784031296946,325992.12103129696
8712100320,98112,25th Avenue East,2202,8,3,585000.0,61099.0352,17479.209640775247,663578.2448407753
6345000160,98005,Northeast 47th Street,13434,10,3,900000.0,113099.8218,27539.351385995036,1040639.1731859951
3810000465,98178,South 118th Street,8040,7,4,243000.0,24779.4636,7383.697583541895,275163.16118354193
2203500570,98006,Southeast 44 Street,15004,7,4,437000.0,23799.9786,12544.609375321874,473344.58797532186
2126059234,98034,Northeast 140th Street,12732,10,3,650000.0,132857.9378,26507.833229516116,809365.7710295161
6669100070,98005,131st Avenue Northeast,3709,10,3,900000.0,122198.0704,27142.685081081276,1049340.7554810813
3904100106,98118,South Holden Street,4511,7,3,335000.0,60318.2258,12204.999595445624,407523.22539544565
7206900075,98059,Southeast 112th Street,14829,7,4,200000.0,24779.4636,6097.967186190104,230877.4307861901
1370800830,98199,Viewmont Way West,2357,10,3,1220000.0,102960.49399999999,38535.67103334297,1361496.165033343
9407110710,98045,Southeast 169th Street,42636,7,2,195000.0,55867.9128,6148.869649707022,257016.782449707
1781500435,98126,Southwest Donovan Street,3710,7,5,260000.0,11059.1586,9357.129395635724,280416.28799563576
1005000036,98118,46th Avenue South,7403,7,3,285000.0,47839.2684,10762.191561539745,343601.4599615397
3126049094,98103,North 93rd Street,1156,7,3,392450.0,57069.0512,12172.988309474888,461692.0395094749
1232000810,98117,17th Avenue Northwest,7755,7,3,340000.0,36398.5916,10707.183240673136,387105.77484067314
9465200181,98103,Greenwood Avenue North,9002,7,4,475000.0,32478.2157,17011.74050283676,524489.9562028367
9407001610,98045,Southeast 170th Court,42506,7,3,271900.0,49140.6174,8846.890653863276,329887.50805386325
9808590310,98004,Northeast 37th Place,11262,10,3,1000750.0,79818.8706,29810.895317817238,1110379.7659178174
3530530110,98198,South 249th Place,1108,8,4,149900.0,15258.869400000001,4687.739599768384,169846.6089997684
9212900100,98115,30th Avenue Northeast,8016,7,3,425000.0,47318.728800000004,14741.685639579453,487060.4144395794
7598100735,98040,Southeast 44th Place,8525,8,4,769000.0,50818.6956,27082.60136007317,846901.2969600732
2768100690,98107,Northwest Market Street,926,7,4,513000.0,23938.613400000002,15503.647544203908,552442.2609442039
1193000025,98199,28th Avenue West,3233,7,3,495000.0,49918.62820000001,16813.928409848177,561732.5566098482
3679400025,98144,14th Avenue South,3436,7,4,385000.0,30238.9623,13470.520426495237,428709.48272649525
5605000590,98112,Montlake Boulevard East,2906,9,4,975000.0,42279.0933,29600.793936112812,1046879.8872361127
7663700261,98125,35th Avenue Northeast,14315,7,4,395000.0,27439.1421,12153.666873997703,434592.8089739977
9407102460,98045,Southeast 175th Place,42723,7,3,178500.0,29119.433,5167.88269762921,212787.3156976292
7129304105,98118,54th Avenue South,9320,7,3,285000.0,45759.9086,10473.009477403428,341232.91807740345
1160000115,98125,Northeast 108th Street,1223,8,3,401000.0,78260.0504,15692.407488982133,494952.45788898214
6114400028,98166,Southwest 174th Street,427,8,4,403500.0,50398.2705,13563.952813752152,467462.22331375215
9407101380,98045,Southeast 167th Street,42205,7,2,189000.0,54019.986399999994,5919.019269790969,248939.00566979096
9460000110,98055,Maple Avenue Northwest,369,7,3,280000.0,68378.19380000001,8426.202894422355,356804.39669442235
5072300100,98166,Southwest 177th Street,328,8,4,470000.0,47318.1669,14435.19332392666,531753.3602239267
793200100,98007,153rd Place Southeast,1402,7,4,360000.0,32898.6408,13535.90134649464,406434.5421464946
686400930,98008,169th Avenue Northeast,2410,8,4,589000.0,55018.4259,18844.937817819482,662863.3637178196
1254200015,98117,24th Avenue Northwest,7053,7,3,405000.0,58759.405600000006,16653.570072162373,480412.97567216237
8146300025,98004,111th Avenue Southeast,243,7,4,772000.0,34999.259399999995,22880.257482608104,829879.5168826081
2734100734,98109,Carleton Avenue South,6715,7,3,216650.0,40039.5702,9208.246074468214,265897.8162744682
7963900100,98004,109th Avenue Northeast,1930,8,4,680000.0,36679.4529,24110.62698763118,740790.0798876312
925059113,98033,123rd Avenue Northeast,7560,7,4,490000.0,33178.9242,15277.276712793517,538456.2009127935
7173700524,98115,Ravenna Avenue Northeast,7504,7,3,410000.0,43160.0092,12594.379207760954,465754.38840776094
1105000745,98118,46th Avenue South,6924,7,3,227064.0,40820.37960000001,7622.286656319027,275506.66625631903
514500090,98005,137th Avenue Southeast,2448,7,5,550000.0,15748.3202,16174.99676739239,581923.3169673923
4037800015,98008,Northeast 2nd Street,16029,7,4,480000.0,36259.0278,14104.984215954455,530364.0120159545
6825100015,98117,12th Avenue Northwest,9702,7,4,437000.0,20998.6515,13865.412147911115,471864.06364791107
9268200300,98117,7th Avenue Northwest,9237,7,4,490000.0,26738.4336,14582.639231111125,531321.0728311111
475000750,98107,Northwest 52nd Street,306,7,3,477000.0,45499.63880000001,14554.563061353052,537054.2018613531
3432500215,98155,,,7,4,345000.0,21559.2183,10153.748466748346,376712.96676674834
1137300690,98072,182nd Place Northeast,15347,9,4,369900.0,39479.2731,15105.634807822953,424484.9079078229
2572400100,98122,East Fir Street,1516,7,2,302000.0,59197.36639999999,9957.611025100648,371154.97742510063
2770604920,98119,West Emerson Street,1212,8,3,497000.0,53559.6068,15042.379571778594,565601.9863717785
723069049,98027,Southeast May Valley Road,18916,7,4,379000.0,41998.80989999999,12408.560100028735,433407.37000002875
5272200005,98125,Roosevelt Way Northeast,11722,7,3,175000.0,30160.5122,7256.973456775094,212417.4856567751
7972601235,98106,8th Avenue Southwest,8156,7,3,325000.0,63959.2044,10235.11582828289,399194.3202282829
9407111100,98045,Southeast 170th Place,42824,7,3,220650.0,37960.210399999996,6344.0999302915525,264954.3103302915
7228500094,98122,24th Avenue,1517,7,3,278000.0,38480.75,8446.21506807572,324926.96506807575
5035300255,98199,Viewmont Way West,3628,8,3,450000.0,55378.6968,13780.554125958794,519159.2509259588
4365700130,98106,22nd Avenue Southwest,8815,7,3,210000.0,43160.0092,6759.487274646731,259919.49647464673
3244500078,98072,Northeast Woodinville Duvall Road,14914,9,3,600000.0,128178.6786,24394.412721021647,752573.0913210217
9828702890,98112,23rd Avenue,222,8,4,760000.0,42698.0115,29313.794444980856,832011.8059449808
7524400250,98052,Northeast 115th Court,13217,8,4,424240.0,29119.335600000002,12168.259671480648,465527.5952714806
2596400050,98177,6th Avenue Northwest,18521,7,4,375000.0,27439.1421,10833.338414291942,413272.48051429196
7011201470,98119,11th Avenue West,1906B,8,5,625000.0,15118.4778,19619.37406421711,659737.8518642171
2423069120,98027,Southeast 154th Place,27230,7,3,295000.0,57200.585399999996,9563.937120762106,361764.5225207621
7129300595,98118,59th Avenue South,9916,7,3,158000.0,28338.623600000003,4986.992463210189,191325.61606321018
7575610170,98003,25th Drive South,27555,8,3,200000.0,57460.8552,5851.1440439735425,263311.9992439735
3080000005,98144,South Lander Street,2010,7,3,181000.0,34058.962,8316.69021635357,223375.65221635357
807800190,98030,Southeast 270th Street,12421,7,4,245000.0,32898.6408,7344.081131262601,285242.7219312626
6820100010,98115,15th Avenue Northeast,7502,7,4,415000.0,25199.8887,11927.176655771396,452127.0653557714
3578401060,98074,220th Place Northeast,1525,8,4,345000.0,26878.5753,10807.291664354374,382685.8669643544
2926049408,98125,Northeast 106th Street,1115,8,3,400000.0,77999.7806,16534.47325197676,494534.25385197677
6381502155,98125,20th Avenue Northeast,13600,7,3,300000.0,38741.0198,8738.23705250651,347479.25685250654
8024200010,98115,Northeast 100th Street,1015,7,2,312000.0,54019.986399999994,12617.32526344604,378637.311663446
6071200545,98006,116th Place Southeast,5211,8,4,541125.0,38358.1395,15579.208888586229,595062.3483885863
7942600006,98122,East Cherry Street,1915,7,3,345000.0,36141.1204,11951.913485363559,393093.03388536355
5561200980,98027,Southeast 157th Street,25631,8,3,390000.0,69679.5428,11875.92538975335,471555.46818975336
3039000020,98033,Northeast 114th Place,10725,7,4,450000.0,25899.0903,13042.563964829027,488941.654264829
1266200130,98004,Northeast 14th Street,11056,7,3,650000.0,55638.9666,18681.03308966137,724319.9996896614
425079099,98014,Northeast 88th Street,32241,9,3,560000.0,107119.2136,16543.88562406748,683663.0992240675
7292700005,98177,Northwest 196th Place,228,8,4,485000.0,45078.913499999995,15711.813845020208,545790.7273450203
8122100595,98126,32nd Avenue Southwest,7155,7,3,212700.0,24440.1738,7118.712051513193,244258.8858515132
8850000285,98144,17th Avenue South,1511,7,4,350000.0,32199.4392,12643.188660634427,394842.6278606345
1133000050,98125,20th Avenue Northeast,12527,7,3,362000.0,61359.305,10638.11329327036,433997.41829327034
1931300425,98103,Aurora Avenue North,3908,7,5,539000.0,15188.544,16241.79160260836,570430.3356026084
3298600440,98092,Southeast 342nd Street,13204,9,4,260000.0,32478.2157,7437.686656986263,299915.90235698625
4443801495,98117,25th Avenue Northwest,7557,7,4,470000.0,30519.2457,15039.452180856124,515558.6978808561
2071700010,98133,North 159th Street,2150,7,3,340000.0,67079.6434,10646.338474561448,417725.98187456146
5100404030,98115,15th Avenue Northeast,9212,8,4,523000.0,41998.80989999999,18117.701193106088,583116.5110931061
8651510380,98074,Northeast 44th Street,20916,8,3,310000.0,53819.8766,10832.662210773353,374652.53881077335
9826701794,98122,East Alder Street,2219,8,3,390000.0,40299.840000000004,12143.056419122839,442442.8964191229
507100005,98133,North 204th Place,1818,7,3,285000.0,55118.426999999996,12778.94686199573,352897.37386199576
3226049466,98115,1st Avenue Northeast,9014,7,3,340000.0,48880.3476,13165.872047362573,402046.21964736254
4443800130,98117,Earl Avenue Northwest,8025,7,3,320000.0,35880.850600000005,11943.778996409248,367824.6295964093
5605000595,98112,Montlake Boulevard East,2906,8,3,685000.0,72019.1724,22078.66661012955,779097.8390101296
1099760470,98023,33rd Avenue Southwest,32955,7,3,161700.0,44718.8294,4826.36704889471,211245.19644889468
1430800279,98166,Southwest 144th Place,1416,8,4,469000.0,41438.2431,13845.287748825467,524283.53084882547
2872900280,98074,226th Place Northeast,1915,8,4,540000.0,42559.3767,18818.2162159515,601377.5929159515
2323069022,98027,Issaquah-Hobart Road Southeast,15625,7,4,390000.0,25199.8887,13071.487138043383,428271.3758380434
7885100005,98108,South Trenton Street,711,7,3,299000.0,60318.2258,9049.710932162869,368367.9367321629
1338801060,98112,23rd Avenue East,814,8,3,560000.0,47058.459,16388.9294525565,623447.3884525566
6072500050,98006,121st Avenue Southeast,6311,8,5,560000.0,20157.970400000002,17540.20144658952,597698.1718465895
5116000250,98028,Northeast 204th Street,5608,7,3,320000.0,57718.326400000005,9795.86239458006,387514.18879458006
526059224,98011,100th Avenue Northeast,19820,7,3,260000.0,42899.7394,7697.544770715123,310597.28417071514
3946900010,98115,5th Avenue Northeast,8816,7,3,500007.0,47318.728800000004,16303.058010246035,563628.7868102461
225039145,98117,Northwest 80th Street,3103,7,3,285000.0,31459.0626,9640.106286278837,326099.1688862788
8965450190,98006,Southeast 48th Place,16722,7,3,295000.0,38998.491,8541.43846231368,342539.92946231365
3336001470,98118,Wabash Avenue South,8659,7,5,311000.0,13299.016800000001,11142.16632379692,335441.1831237969
6914700130,98115,Northeast 97th Street,834,7,4,520500.0,26599.7988,16151.626033376,563251.424833376
5101404698,98115,Northeast 94th Street,840,7,3,365000.0,31198.792800000003,10939.16034715612,407137.9531471561
4006000571,98118,37th Avenue South,8310,7,3,183750.0,42899.7394,6192.555712276096,232842.2951122761
9310300300,98133,Linden Avenue North,15027,8,4,411000.0,40038.333,12155.049690280253,463193.3826902802
3288301050,98034,Northeast 145th Street,11736,8,4,482000.0,42138.9516,15823.209343106306,539962.1609431063
7818700410,98117,Northwest 86th Street,659,7,3,481500.0,55638.9666,13766.774482039496,550905.7410820395
626049058,98133,Greenwood Avenue North,20042,7,3,275000.0,66819.3736,11388.790569046614,353208.1641690466
8085400355,98004,Northeast 28th Place,10004,9,3,1270000.0,102700.22420000001,36363.949583947644,1409064.1737839477
3904100220,98118,South Kenyon Street,4452,7,5,276000.0,10359.25,8424.771287983915,294784.0212879839
9459200110,98118,Martin Luther King Junior Way South,5237,7,4,315000.0,24359.0385,15594.915161729834,354953.9536617299
6071800410,98006,127th Avenue Southeast,6209,8,4,500000.0,31078.3056,14756.37068722117,545834.6762872211
257000037,98168,South 122nd Street,2625,7,3,200000.0,55118.426999999996,7298.416232624728,262416.8432326247
2205500540,98006,Southeast Eastgate Drive,14732,7,4,365000.0,25478.665200000003,11529.475083026866,402008.14028302685
2206700215,98006,Southeast 45th Street,15003,7,5,375000.0,14488.635400000001,11949.96079509838,401438.5961950984
603001050,98118,39th Avenue South,8829,7,3,230000.0,37179.401,7675.734421661765,274855.1354216618
3348401095,98178,South Juniper Street,5364,7,3,210000.0,54340.4162,6629.655075647595,270970.07127564756
2061100265,98115,Latona Avenue Northeast,8224,7,3,370000.0,32500.1418,10623.646636226425,413123.78843622643
5379804470,98188,Military Road South,17104,7,4,170000.0,26878.5753,6123.561798695737,203002.13709869573
6046400755,98103,Aurora Avenue North,8601,7,5,475000.0,14138.3044,15618.245269105351,504756.5496691054
9268200315,98117,7th Avenue Northwest,9209,7,5,456000.0,13088.8182,15908.82355900385,484997.6417590038
7760600110,98038,Southeast Wax Road,19700,7,3,212000.0,43940.8186,6408.10023355285,262348.91883355286
7227800025,98056,Jefferson Avenue Northeast,2012,7,3,250000.0,59800.484800000006,8340.838030851708,318141.32283085166
4038000040,98008,Northeast 3rd Place,16226,7,4,250000.0,26738.4336,10676.931112365937,287415.3647123659
6072760210,98006,Southeast 46th Court,12315,8,4,437850.0,37378.654500000004,16466.665413341874,491695.3199133419
5127001320,98059,143rd Place Southeast,14431,7,4,190000.0,21278.9349,5751.937644582778,217030.87254458276
2523069146,98027,Tiger Mountain Road Southeast,16729,7,5,349900.0,16938.6922,12403.023574931694,379241.7157749317
7883603425,98108,South Rose Street,754,7,2,155000.0,46249.9338,5386.68724265308,206636.62104265307
3750603940,98001,43rd Avenue South,37637,7,5,240000.0,13158.8844,6972.982673908365,260131.86707390836
5282200015,98115,14th Avenue Northeast,7550,7,5,525000.0,19247.8632,16157.5299730599,560405.3931730599
8728100775,98144,South Norman Street,2001,8,3,190500.0,28859.163200000003,6105.361180386796,225464.5243803868
1556200265,98122,30th Avenue,541,8,4,552500.0,37799.0796,19968.46445913197,610267.544059132
8146300015,98004,111th Avenue Southeast,233,7,3,685000.0,56419.776,19689.739474149923,761109.5154741498
623049273,98146,8th Avenue Southwest,10433,7,3,225000.0,40299.840000000004,7337.40256586166,272637.24256586167
1105000229,98118,South Graham Street,4811,7,3,285000.0,54860.9558,8147.843083017482,348008.7988830175
9165100230,98117,Earl Avenue Northwest,7301,8,3,575000.0,55899.23640000001,17147.676940114878,648046.913340115
1825079018,98053,East Ames Lake Drive Northeast,4040,7,3,340000.0,88399.3782,14023.244900893016,442422.62310089305
6205500580,98005,122nd Avenue Southeast,2539,8,3,530000.0,68638.4636,15696.336398966037,614334.799998966
6046401030,98103,Linden Avenue North,8516,7,3,432500.0,51480.246999999996,12466.6344421813,496446.8814421813
424059100,98005,121st Avenue Southeast,2318,8,3,449228.0,78520.3202,16978.55319117954,544726.8733911795
7518505070,98117,21st Avenue Northwest,6530,7,5,402000.0,13998.9254,14458.373321145238,430457.29872114526
9144300110,98072,133rd Place Northeast,18545,7,3,308000.0,43680.548800000004,12066.87064467155,363747.41944467154
1787600165,98125,3rd Avenue Northeast,13040,8,3,396500.0,62140.1144,11980.092395870219,470620.2067958702
2917200085,98103,Phinney Avenue North,9732,7,3,350000.0,30160.5122,10681.776366641698,390842.2885666417
4047200135,98019,324th Avenue Northeast,20020,9,3,289275.0,74358.802,12090.77213979436,375724.5741397944
1219000473,98166,5th Avenue Southwest,15810,7,3,164950.0,40820.37960000001,5660.423852386422,211430.80345238643
1923800135,98103,Fremont Avenue North,7719,7,4,495000.0,29119.335600000002,19591.407153583477,543710.7427535835
682000030,98004,105th Avenue Southeast,318,8,3,610000.0,59800.484800000006,21777.071155077465,691577.5559550774
955000060,98112,23rd Avenue East,221,7,3,462500.0,43940.8186,13217.17043287713,519657.98903287714
2205500335,98006,Southeast 37th Street,14429,7,4,420000.0,27158.858699999997,12365.160125957429,459524.01882595744
5244800125,98109,3rd Avenue North,2916,8,4,650000.0,25758.9486,19355.469025135477,695114.4176251355
9238900390,98136,46th Avenue Southwest,7749,8,3,460000.0,48359.808000000005,13640.80874494817,522000.6167449482
1682000350,98092,Southeast 323rd Place,11624,7,4,148226.0,19598.7414,4482.78411424106,172307.52551424105
7888000400,98198,South 259th Street,1904,7,3,150000.0,34319.2318,4624.359533171198,188943.5913331712
711000070,98004,Southeast 20th Street,10647,7,4,730000.0,28558.7688,21139.04995612812,779697.8187561281
5015000700,98112,East Aloha Street,2640,7,4,563225.0,34438.692599999995,20511.883470601555,618175.5760706015
8074200160,98056,Jefferson Avenue Northeast,600,7,5,265000.0,12599.1082,7812.019094012078,285411.1272940121
8617000060,98007,Southeast 18th Street,15502,10,3,711600.0,93078.63739999999,20465.282255123053,825143.919655123
2205500030,98006,148th Avenue Southeast,3765,7,3,331500.0,44201.0884,10180.02186792385,385881.11026792385
1176000390,98107,Northwest 59th Street,3441,7,4,448000.0,22818.9867,13815.009644453245,484633.99634445325
3271300955,98199,West Bertona Street,4109,9,5,554729.0,14138.3044,17970.16639960623,586837.4707996063
6888900060,98118,Renton Avenue South,5205,7,3,326000.0,67079.6434,11899.708813349222,404979.3522133492
3243200310,98059,163rd Avenue Southeast,12840,7,4,300000.0,29678.3955,9346.122611182149,339024.51811118214
3876310860,98034,130th Place Northeast,14314,7,3,350000.0,60060.75460000001,10385.204091682032,420445.958691682
1118001631,98112,Windermere Drive East,1609,9,3,1225000.0,77479.24100000001,37584.75473202389,1340063.9957320238
6141100320,98133,Phinney Avenue North,12226,7,3,245000.0,38998.491,9467.676255494553,293466.1672554945
1924069105,98027,194th Avenue Southeast,4888,8,3,450000.0,81898.2304,15168.734907563034,547066.9653075631
3995700435,98155,25th Avenue Northeast,15022,7,4,265000.0,27158.858699999997,8311.910850458034,300470.769550458
685000160,98004,Northeast 24th Street,10201,7,4,770000.0,35279.5428,22461.50166350421,827741.0444635042
1562100340,98007,Northeast 13th Street,15049,8,3,295000.0,55118.426999999996,10433.404455891196,360551.8314558912
5101402435,98115,Ravenna Avenue Northeast,9014,7,5,312000.0,10778.8938,10857.836928698382,333636.7307286984
5035300570,98199,43rd Avenue West,3526,8,4,650000.0,32199.4392,20511.625166212318,702711.0643662123
2887701940,98115,15th Avenue Northeast,7724,7,3,485000.0,53559.6068,17726.93737883603,556286.5441788359
6430000070,98103,North 80th Street,928,7,4,355000.0,19879.0248,13798.344339166162,388677.3691391662
2734100732,98109,Carleton Avenue South,6709,7,3,216650.0,38480.75,8790.708406649748,263921.45840664976
3179101070,98105,Oberlin Avenue Northeast,5720,9,4,880000.0,45078.913499999995,32206.36565280524,957285.2791528052
524059208,98004,109th Avenue Southeast,1906,7,4,650000.0,26599.7988,19489.674499541332,696089.4732995413
4099100260,98033,117th Drive Northeast,6908,9,3,589000.0,76438.1618,19284.55553817828,684722.7173381783
1923300135,98103,North 80th Street,511,7,4,365000.0,25478.665200000003,15324.538693270619,405803.20389327063
8722101370,98112,23rd Avenue East,1810,8,3,625000.0,56680.0458,19754.33657463909,701434.382374639
3080000030,98144,21st Avenue South,2601,7,3,398750.0,57978.5962,12045.345168357722,468773.94136835774
2492200055,98126,Southwest Webster Street,3529,7,4,412000.0,26319.5154,11936.94425995242,450256.4596599524
6821101275,98199,34th Avenue West,3629,7,4,478000.0,27439.1421,18274.553833814884,523713.69593381486
6071000310,98006,119th Avenue Southeast,4849,8,5,622000.0,21138.1438,20381.893398984936,663520.0371989849
9133600135,98055,Stevens Avenue Northwest,360,7,3,160000.0,46800.9878,4857.73532897533,211658.72312897534
203101370,98053,West Ames Lake Drive Northeast,3009,7,2,170000.0,44398.0248,5511.560777606391,219909.5855776064
3589500260,98105,Roosevelt Way Northeast,5612,7,5,550000.0,14698.834,16483.483831153284,581182.3178311533
2493200370,98136,41st Avenue Southwest,8445,7,3,415000.0,40299.840000000004,11987.042733052347,467286.88273305236
2914700310,98117,1st Avenue Northwest,9532,7,4,398000.0,19879.0248,11929.3496679422,429808.3744679422
2832100270,98125,Par Place Northeast,13904,7,3,306888.0,50439.1678,9986.733589872563,367313.90138987254
1211000070,98122,26th Avenue,541,8,3,575000.0,71758.90260000002,18655.64703224932,665414.5496322494
4449800681,98117,24th Avenue Northwest,8309,8,4,450000.0,30238.9623,15876.296253251847,496115.25855325186
3211200140,98034,76th Place Northeast,14230,7,3,350000.0,44718.8294,10052.19344981163,404771.0228498116
824059324,98004,Southeast 25th Street,10616,10,3,1450000.0,96719.61600000001,42891.5156104959,1589611.1316104957
3298701070,98106,14th Avenue Southwest,9449,7,3,180000.0,28338.623600000003,5467.0259570417,213805.6495570417
1924059248,98040,East Mercer Way,5001,9,3,870000.0,116998.27160000001,25987.98771090771,1012986.2593109077
5430300171,98115,39th Avenue Northeast,7321,7,3,430000.0,47058.459,12416.13884307641,489474.59784307645
4140900270,98028,58th Avenue Northeast,18555,8,3,160000.0,29639.9726,5297.492749898174,194937.46534989818
8099600160,98033,107th Place Northeast,10805,7,4,488500.0,23938.613400000002,14905.739929636682,527344.3533296367
1311400350,98001,South 290th Street,4206,7,4,235000.0,28979.1939,6778.736880198094,270757.93078019813
1471701200,98059,Southeast 159th Street,20548,7,3,302000.0,86320.0184,10933.674595351378,399253.6929953514
1217000340,98166,12th Avenue Southwest,16439,7,4,185000.0,25758.9486,6607.181234558489,217366.1298345585
7905200230,98116,46th Avenue Southwest,3639,7,5,330000.0,15188.544,18011.68588455573,363200.22988455574
2899200040,98146,9th Avenue Southwest,10448,7,3,242000.0,58238.866,7230.814459692309,307469.6804596923
7663700772,98125,30th Avenue Northeast,14015,7,4,370000.0,28278.485399999998,12489.85231446156,410768.33771446155
8092501400,98042,Southeast 267th Street,17153,7,4,209950.0,32059.2975,7870.293607258097,249879.59110725808
6326000205,98146,28th Avenue Southwest,11810,8,3,290000.0,60838.7654,9927.422878434178,360766.18827843416
13001215,98108,2nd Avenue South,8853,7,4,130000.0,15399.0111,5238.27963207234,150637.29073207235
9238500040,98072,Northeast 202nd Street,15351,7,3,400000.0,77218.97120000001,12093.84916886283,489312.8203688629
3344500085,98056,Jones Avenue Northeast,1617,8,4,383000.0,36118.886099999996,11352.995557935354,430471.88165793533
9310300175,98133,Linden Avenue North,15433,7,3,225000.0,38741.0198,7113.884183050749,270854.9039830508
686800065,98004,110th Avenue Northeast,2602,9,3,667500.0,55378.6968,19154.43571848915,742033.1325184891
1523049207,98168,South 142nd Street,3504,7,3,161000.0,44201.0884,4710.328150177877,209911.41655017788
9144100035,98117,Mary Avenue Northwest,9547,7,3,350000.0,43680.548800000004,12617.009728738902,406297.5585287389
6381500720,98125,22nd Avenue Northeast,14044,7,3,395000.0,58238.866,11507.25863294698,464746.124632947
4073200124,98115,Sand Point Way Northeast,9717,7,3,305000.0,23138.824800000002,8763.359401697084,336902.18420169706
2457200040,98056,Index Court Northeast,841,7,4,280000.0,25338.5235,8130.345918080438,313468.86941808043
9808590210,98004,112th Avenue Northeast,3883,10,3,860000.0,92558.0978,28806.16282310697,981364.260623107
3726800220,98144,Beacon Avenue South,3427,7,3,348000.0,47578.9986,13762.251088984382,409341.24968898436
3265300410,98115,19th Avenue Northeast,9703,8,3,370000.0,55899.23640000001,13830.914917723621,439730.1513177236
686550040,98004,106th Avenue Southeast,1037,10,3,1240000.0,99319.5154,36283.86375117444,1375603.3791511743
8698600395,98002,H Street Southeast,122,7,3,150000.0,32500.1418,4318.60112103531,186818.74292103533
3185600040,98055,Hardie Avenue Northwest,309,7,3,180000.0,36398.5916,6202.522076780589,222601.11367678057
7129800063,98118,Lindsay Place South,9702,7,4,330000.0,33459.2076,10095.949134909775,373555.1567349098
2122700120,98118,Renton Avenue South,9071,7,3,235000.0,57978.5962,8935.91588238388,301914.5120823839
3797000330,98103,North 80th Street,719,7,5,471001.0,12599.1082,16436.653953063385,500036.7621530634
427000065,98118,46th Avenue South,7109,8,5,537500.0,30377.088,15833.712694822574,583710.8006948226
5637200450,98059,Lyons Avenue Northeast,402,9,3,257000.0,76180.6906,10496.948499535854,343677.6390995358
6788203060,98112,Boyer Avenue East,2302,9,3,690000.0,64479.744000000006,20508.537010504177,774988.2810105041
2817100040,98070,79th Avenue Southwest,25734,7,4,355000.0,36118.886099999996,10814.225274385524,401933.11137438554
8645500360,98058,Ferndale Avenue Southeast,1502,7,3,197000.0,46540.71800000001,6164.92105654751,249705.63905654752
1219000043,98166,Southwest 156th Street,443,7,4,315000.0,32478.2157,9794.510080795108,357272.7257807951
7508700085,98125,14th Place Northeast,13010,8,3,386500.0,76698.43160000001,12176.93452841118,475375.3661284112
9818700455,98122,27th Avenue,315,8,5,518000.0,16238.030200000001,16828.708843316817,551066.7390433168
5056500210,98006,Southeast 65th Place,12232,8,4,539950.0,40739.0415,17891.584187168202,598580.6256871682
4318200360,98136,Gatewood Road Southwest,7446,7,3,286000.0,30420.782000000003,8215.774747324502,324636.55674732453
7131300032,98118,Renton Avenue South,9626,7,3,235000.0,40039.5702,6858.20801819265,281897.7782181927
3031200230,98118,35th Avenue South,7315,7,3,350000.0,64479.744000000006,12316.292008799724,426796.03600879974
7011201445,98119,11th Avenue West,1926B,7,4,525000.0,21419.076599999997,15721.614578164346,562140.6911781643
6450302546,98133,Wayne Place North,14044,7,3,130000.0,21840.274400000002,5218.9984418769145,157059.2728418769
1326049170,98028,74th Avenue Northeast,15822,7,3,280000.0,44718.8294,11764.971614240167,336483.80101424013
8024201714,98115,15th Avenue Northeast,9808,7,3,489000.0,54340.4162,14752.69190368434,558093.1081036843
1326069151,98019,Northeast Kennedy Drive,26628,7,4,260000.0,30238.9623,9898.543198139592,300137.5054981396
1931300870,98103,Linden Avenue North,4036,7,4,355000.0,17779.913099999998,11462.666594459497,384242.5796944595
3326059254,98033,Northeast 104th Street,13108,9,3,720000.0,82418.77,22087.726456654775,824506.4964566547
123039207,98106,25th Avenue Southwest,9839,7,3,283000.0,54600.686,8671.048600086775,346271.73460008675
1025059186,98052,134th Avenue Northeast,7517,7,4,438000.0,27859.567199999998,14379.689646477304,480239.2568464773
324000530,98116,Southwest Manning Street,4203,7,3,201500.0,34319.2318,8551.188261548863,244370.42006154888
1823049242,98146,Southwest 130th Street,650,7,3,245000.0,49400.887200000005,7233.121710988732,301634.00891098875
7504021310,98074,Northeast 29th Street,21603,9,3,525000.0,77218.97120000001,15323.8450499777,617542.8162499777
8638500170,98106,Southwest Orchard Street,1259,7,3,233000.0,51480.246999999996,11623.972752039897,296104.2197520399
2436200715,98105,Northeast 45th Place,3310,7,3,484000.0,43160.0092,14511.24151070555,541671.2507107055
461002890,98117,Mary Avenue Northwest,7043,7,4,499000.0,25758.9486,14730.80908381602,539489.757683816
2926049376,98125,Northeast 105th Street,1266,7,3,220000.0,27560.612800000003,6675.367894042013,254235.98069404202
4322200050,98136,47th Avenue Southwest,7367,7,3,340000.0,48620.0778,12886.891121076598,401506.96892107656
7228500415,98122,23rd Avenue,929,8,3,480000.0,65520.823200000006,17412.896396024902,562933.7195960248
6664000130,98004,109th Avenue Southeast,2222,8,5,635250.0,15468.8088,18608.58767856791,669327.3964785679
2310000250,98038,Southeast 273rd Street,22722,7,4,190000.0,22959.1284,5949.134288366402,218908.26268836638
644210020,98004,Southeast 25th Street,11038,8,4,780000.0,42279.0933,26268.85061999179,848547.9439199917
7972000010,98023,30th Avenue Southwest,34403,7,4,120750.0,15959.577899999998,3638.51089176562,140348.08879176562
7148700050,98155,13th Avenue Northeast,17010,7,3,340000.0,68898.7334,11625.442368695516,420524.17576869554
5710610250,98027,Almak Court Northwest,265,8,3,500000.0,81380.4894,14716.573876586895,596097.0632765868
3394100020,98004,111th Avenue Southeast,3216,10,3,990000.0,81640.75920000001,30282.025948563823,1101922.7851485638
2917200675,98103,North 98th Street,700,7,4,340000.0,20998.6515,10881.304169082252,371879.95566908224
8732130680,98023,37th Court Southwest,33021,7,4,210000.0,29958.6789,6030.186836920723,245988.86573692074
3438503214,98106,Southwest Myrtle Street,1613,7,3,250000.0,49918.62820000001,7176.685135658026,307095.31333565805
3010300415,98116,45th Avenue Southwest,4039,8,4,383000.0,31919.155799999997,13862.303320681278,428781.4591206813
9310300185,98133,Linden Avenue North,15422,7,4,227000.0,14559.667800000001,7143.008255841448,248702.67605584144
9335400005,98166,Southwest 157th Street,1620,7,3,292000.0,55378.6968,8530.797270159614,355909.49407015956
13001795,98108,South Henderson Street,154,7,4,319500.0,34999.259399999995,11964.559991216373,366463.8193912163
2044500213,98125,12th Avenue Northeast,11750,7,3,310000.0,48620.0778,9370.526111620087,367990.60391162004
1234000630,98033,Northeast 53rd Street,10628,7,3,525000.0,65778.2944,16880.85206317026,607659.1464631703
1525069088,98053,Northeast 43rd Street,24126,8,3,442500.0,110239.65260000002,21921.555658725196,574661.2082587252
1725800280,98126,36th Avenue Southwest,5232,7,4,373000.0,24779.4636,10789.563144366217,408569.0267443662
5561000420,98027,Southeast 158th Street,26044,8,4,490000.0,47458.3086,17466.16283546272,554924.4714354627
1035000007,98118,51st Avenue South,9682,7,3,210000.0,47578.9986,7414.091627429632,264993.09022742964
5101404555,98115,Northeast 94th Street,1012,7,3,290000.0,26519.533600000002,8928.997606869227,325448.53120686923
1725059252,98033,116th Avenue Northeast,5625,8,3,550000.0,72019.1724,19060.536999305958,641079.709399306
5652600427,98115,Northeast 95th Street,3019,7,4,420000.0,23799.9786,14482.802768907031,458282.781368907
3512100050,98030,115th Avenue Southeast,25404,7,4,139000.0,19738.883100000003,4665.118251596576,163404.00135159658
1233100351,98033,Northeast 80th Street,12228,7,2,305000.0,42550.0984,9250.559460514769,356800.65786051477
2652500225,98119,2nd Avenue West,2519,7,3,575000.0,44458.55960000001,16975.76207833943,636434.3216783395
7905380080,98034,95th Avenue Northeast,13454,7,3,330000.0,68120.72260000001,10196.141471685696,408316.8640716857
4037000185,98008,Southeast 9th Street,16434,7,4,395000.0,28839.0522,13556.170069071286,437395.22226907127
5561400470,98027,252nd Avenue Southeast,15912,9,4,585000.0,47738.592000000004,17932.27743281324,650670.8694328131
4337600280,98166,Southwest 139th Street,236,7,4,229000.0,24639.3219,7014.625607170817,260653.94750717081
7625703260,98136,42nd Avenue Southwest,6057,7,3,400950.0,60318.2258,15685.028882563736,476953.25468256377
6431500122,98103,Evanston Avenue North,8715,7,5,520000.0,11059.1586,17657.759258242146,548716.917858242
126039413,98177,Northwest 195th Street,324,8,3,469000.0,69939.8126,13882.561450233867,552822.374050234
9523102040,98103,Woodland Place North,6407,7,3,440000.0,58759.405600000006,17319.063284273725,516078.4688842737
3888100029,98033,130th Avenue Northeast,9719,7,5,475300.0,14768.9002,20394.09681817556,510462.99701817555
930000305,98177,3rd Avenue Northwest,12041,7,4,379400.0,29678.3955,11776.978903363315,420855.3744033633
3210700380,98004,Southeast 10th Place,10926,8,4,640000.0,29399.619,18488.312232424556,687887.9312324245
9126100346,98122,,,8,3,350000.0,35880.850600000005,10174.899728649902,396055.7503286499
8864000425,98168,South 137th Street,3245,7,5,242000.0,11059.1586,7313.605922852312,260372.76452285232
7625701045,98136,45th Avenue Southwest,5411,7,3,360000.0,39258.760800000004,10818.917518028893,410077.67831802886
6143000020,98001,South 326th Place,3924,8,4,175000.0,26738.4336,5192.664874137056,206931.09847413705
4027700006,98155,Northeast 201st Place,4505,9,3,405000.0,69419.273,11986.986008762453,486406.2590087624
1498303895,98144,30th Avenue South,2110,9,4,630000.0,37378.654500000004,20314.9330422772,687693.5875422772
3763300005,98034,81st Avenue Northeast,12813,7,4,325000.0,26179.373699999996,9720.332071475095,360899.7057714751
1545806720,98038,221st Place Southeast,26020,7,5,254950.0,15258.610200000001,8004.092868111652,278212.7030681117
9421500130,98125,30th Avenue Northeast,13323,8,4,378000.0,38638.422900000005,12086.978380868915,428725.4012808689
6822100305,98199,34th Avenue West,3216,8,4,465000.0,24078.7551,13677.396703768049,502756.15180376807
3326059238,98033,Northeast 111th Place,13126,8,3,500000.0,53299.337,14827.771088462774,568127.1080884628
2425700022,98004,Bellefield Park Lane,1355,7,2,425000.0,64008.3472,20737.734037815735,509746.0812378157
1180002745,98178,South 117th Street,8723,7,3,285000.0,61879.844600000004,9106.503724043354,355986.3483240434
6885900415,98133,Ashworth Avenue North,15545,7,5,290000.0,15678.254,10627.965953937946,316306.219953938
7015201015,98119,West Barrett Street,822,9,4,879000.0,42419.235,25227.346034039085,946646.581034039
1453601502,98125,35th Avenue Northeast,13263,7,3,303697.0,65520.823200000006,11769.867103131164,380987.6903031311
2215900930,98038,Southeast 278th Way,21235,7,4,225000.0,27999.7089,6780.36913760971,259780.0780376097
2922701175,98117,Dibble Avenue Northwest,8040,7,3,535000.0,50439.1678,15350.154451389866,600789.32225139
1951800580,98006,Southeast 69th Place,12909,8,5,590000.0,25897.371600000002,25415.088920886763,641312.4605208867
2600100300,98006,Southeast 57th Street,13311,8,4,623000.0,41718.5265,19629.496878402886,684348.0233784029
5495200040,98006,Southeast 42nd Place,16121,8,4,610000.0,48858.218700000005,17859.031084386053,676717.249784386
2351800065,98199,37th Avenue West,3323,8,3,590000.0,56680.0458,17695.54277737474,664375.5885773747
3500100208,98155,25th Avenue Northeast,14526,7,3,290000.0,38220.4802,8534.748488383719,336755.2286883837
8072000035,98118,Martin Luther King Junior Way South,9201,7,2,200000.0,44398.0248,6445.358754053385,250843.3835540534
2227900040,98133,North 200th Street,911,8,3,300000.0,49140.6174,9067.75635678585,358208.3737567858
6414100026,98125,5th Avenue Northeast,12534,7,3,320000.0,46851.3626,9596.962293420087,376448.3248934201
4036400110,98155,37th Avenue Northeast,15032,8,3,300000.0,60838.7654,9548.969122207562,370387.7345222075
8074400035,98056,Lynnwood Avenue Northeast,851,7,4,315000.0,34999.259399999995,10634.901767094456,360634.1611670944
7625701386,98136,Southwest Brandon Street,4319,7,3,430000.0,55899.23640000001,13512.374964552046,499411.61136455205
984000410,98058,129th Place Southeast,18813,7,4,225000.0,30379.104,9190.97887275195,264570.0828727519
5210200184,98115,44th Place Northeast,9411,7,4,452000.0,24359.0385,13565.322949171576,489924.3614491716
3667500015,98112,19th Avenue East,120,9,3,770000.0,95678.5368,37501.29728120211,903179.8340812022
8935100100,98115,43rd Avenue Northeast,6516,7,3,476000.0,75139.61140000001,17264.56652215412,568404.1779221542
9297300750,98126,Southwest Avalon Way,3055,7,4,355000.0,24639.3219,12143.090901650383,391782.41280165035
1995200215,98115,Northeast 94th Street,415,7,3,352000.0,48099.5382,11069.840471797917,411169.3786717979
518000040,98034,Northeast 133rd Place,7811,8,3,440000.0,62920.923800000004,13846.758579830843,516767.68237983086
1105000360,98118,49th Avenue South,6611,7,3,320000.0,50959.70740000001,12325.906554462139,383285.61395446217
3331001285,98118,37th Avenue South,5734,7,3,180000.0,26519.533600000002,5624.6882350785345,212144.22183507853
4038400150,98007,156th Avenue Southeast,140,7,3,465000.0,71758.90260000002,13924.799497914475,550683.7020979145
3331000220,98118,South Brandon Street,3721,7,3,280000.0,50439.1678,10302.001400315585,340741.1692003156
5101405338,98115,Lake City Way Northeast,9801,7,3,452000.0,48880.3476,14759.386924884819,515639.7345248848
723069013,98027,Southeast May Valley Road,19433,7,4,255500.0,20159.3082,7410.079596542482,283069.38779654243
7302000610,98053,Northeast 49th Street,27711,7,3,316000.0,55118.426999999996,10580.506885411158,381698.9338854112
3004800175,98106,18th Avenue Southwest,9619,7,3,165000.0,27300.343,5088.498254573186,197388.84125457317
9324800025,98125,35th Avenue Northeast,14332,7,4,325500.0,21559.2183,9405.423508719427,356464.64180871943
7131300047,98118,52nd Avenue South,9640,7,3,235000.0,55899.23640000001,11331.810823706071,302231.0472237061
8643200061,98198,South 231st Place,1630,7,3,235000.0,65000.2836,7319.41230827734,307319.69590827735
323049176,98118,41st Avenue South,9670,7,4,325000.0,30519.2457,11265.993833062208,366785.23953306215
1224049095,98040,81st Place Southeast,3428,9,4,959000.0,62158.1181,33534.510240721116,1054692.6283407211
2591700037,98004,107th Avenue Southeast,1121,7,4,746000.0,26738.4336,23482.42254778875,796220.8561477887
6139100076,98155,1st Avenue Northeast,18038,7,3,330000.0,47318.728800000004,9595.853098700847,386914.58189870085
8562901010,98074,211th Place Southeast,36,8,5,505000.0,19387.9956,14971.732871580756,539359.7284715808
1545807180,98038,214th Avenue Southeast,26654,7,4,190000.0,26599.7988,7708.160396915464,224307.95919691544
9407000230,98045,432nd Avenue Southeast,17336,7,4,240000.0,22398.561599999997,6911.375597610343,269309.9371976104
9165100375,98117,28th Avenue Northwest,7305,7,4,510000.0,38358.1395,16262.177258099215,564620.3167580992
9808610410,98004,,,9,3,640000.0,60318.2258,21892.78683172174,722211.0126317218
6056100165,98108,Martin Luther King Junior Way South,4065,7,3,175003.0,36141.1204,5508.854252027887,216652.97465202791
6300000226,98133,Stone Avenue North,10720,7,3,240000.0,31198.792800000003,7077.67132698621,278276.4641269862
1257201420,98103,North 60th Street,2318,9,3,595000.0,96979.8858,23940.28826302696,715920.174063027
5528600005,98027,1st Avenue Southeast,220,7,3,272167.0,42118.93,8285.093655201665,322571.02365520166
7896300592,98118,36th Avenue South,9235,8,3,303500.0,88139.1084,13403.833981005238,405042.94238100527
263000009,98103,North 97th Street,925,8,3,375000.0,37439.6708,11589.657039728932,424029.32783972897
2924079034,98024,308th Avenue Southeast,7515,7,3,332220.0,67079.6434,10547.972579739764,409847.61597973976
6664500090,98059,Northeast 1st Place,5507,10,3,750000.0,116998.27160000001,21764.773040708777,888763.0446407087
